{"version": "1", "message": "ERROR: Hidden Testcases server unreachable.", "problem_id": "cspp1_m10_a1_1", "user_id": "Madhu-92", "score": {"sample": {"0": {"execution_time": 0.13949346542358398, "passed": false}, "1": {"execution_time": 0.07131195068359375, "passed": false}, "2": {"execution_time": 0.07092523574829102, "passed": false}, "3": {"execution_time": 0.0694429874420166, "passed": false}, "4": {"execution_time": 0.0655522346496582, "passed": false}, "5": {"execution_time": 0.06389141082763672, "passed": false}, "6": {"execution_time": 0.07381129264831543, "passed": false}, "7": {"execution_time": 0.07119178771972656, "passed": false}, "8": {"execution_time": 0.07627654075622559, "passed": false}, "9": {"execution_time": 0.0873270034790039, "passed": false}, "10": {"execution_time": 0.07935094833374023, "passed": false}, "11": {"execution_time": 0.07243704795837402, "passed": false}, "12": {"execution_time": 0.07136058807373047, "passed": false}, "13": {"execution_time": 0.06969499588012695, "passed": false}, "14": {"execution_time": 0.07305335998535156, "passed": false}, "15": {"execution_time": 0.07155680656433105, "passed": false}, "16": {"execution_time": 0.07468032836914062, "passed": false}, "17": {"execution_time": 0.07612323760986328, "passed": false}, "18": {"execution_time": 0.07113385200500488, "passed": false}, "19": {"execution_time": 0.07087945938110352, "passed": false}, "20": {"execution_time": 0.07642865180969238, "passed": false}, "21": {"execution_time": 0.0798640251159668, "passed": false}, "22": {"execution_time": 0.08226871490478516, "passed": false}, "23": {"execution_time": 0.0872964859008789, "passed": false}, "24": {"execution_time": 0.08291959762573242, "passed": false}}}, "pylint_score": "0/0"}